{"cameraMode":{"drawMode":0,"name":"Shaded","section":"Shading Mode"},"sceneLighting":false,"audioPlay":false,"sceneViewState":{"showFog":true,"showMaterialUpdate":false,"showSkybox":false,"showFlares":true,"showImageEffects":true,"showParticleSystems":true},"in2DMode":false,"pivot":{"x":48.785099029541019,"y":7.900542259216309,"z":37.26081085205078},"rotation":{"x":0.136200413107872,"y":-0.8488051891326904,"z":0.437053382396698,"w":0.26451265811920168},"size":5.17606782913208,"orthographic":false}