{"cameraMode":{"drawMode":0,"name":"Shaded","section":"Shading Mode"},"sceneLighting":false,"audioPlay":false,"sceneViewState":{"showFog":true,"showMaterialUpdate":false,"showSkybox":false,"showFlares":true,"showImageEffects":true,"showParticleSystems":true},"in2DMode":false,"pivot":{"x":605.3282470703125,"y":283.75677490234377,"z":149.02899169921876},"rotation":{"x":0.000218192144529894,"y":-0.999530553817749,"z":0.007496492005884647,"w":0.02997642196714878},"size":395.5468444824219,"orthographic":false}