{"cameraMode":{"drawMode":0,"name":"Shaded","section":"Shading Mode"},"sceneLighting":false,"audioPlay":false,"sceneViewState":{"showFog":true,"showMaterialUpdate":false,"showSkybox":false,"showFlares":true,"showImageEffects":true,"showParticleSystems":true},"in2DMode":false,"pivot":{"x":48.030426025390628,"y":7.902395248413086,"z":34.9011116027832},"rotation":{"x":-0.005583787802606821,"y":0.946869969367981,"z":-0.3211561143398285,"w":-0.016467120498418809},"size":4.928475379943848,"orthographic":false}