{"cameraMode":{"drawMode":0,"name":"Shaded","section":"Shading Mode"},"sceneLighting":false,"audioPlay":false,"sceneViewState":{"showFog":true,"showMaterialUpdate":false,"showSkybox":false,"showFlares":true,"showImageEffects":true,"showParticleSystems":true},"in2DMode":false,"pivot":{"x":46.376197814941409,"y":2.029025077819824,"z":31.701656341552736},"rotation":{"x":0.017151974141597749,"y":-0.9245298504829407,"z":0.3784121572971344,"w":0.04190654307603836},"size":8.618544578552246,"orthographic":false}