{"cameraMode":{"drawMode":0,"name":"Shaded","section":"Shading Mode"},"sceneLighting":false,"audioPlay":false,"sceneViewState":{"showFog":true,"showMaterialUpdate":false,"showSkybox":false,"showFlares":true,"showImageEffects":true,"showParticleSystems":true},"in2DMode":false,"pivot":{"x":47.50128936767578,"y":5.528085708618164,"z":33.424522399902347},"rotation":{"x":-0.0009807938477024437,"y":0.9450638294219971,"z":-0.32687908411026,"w":-0.0028353040106594564},"size":5.702692985534668,"orthographic":false}