{"cameraMode":{"drawMode":0,"name":"Shaded","section":"Shading Mode"},"sceneLighting":false,"audioPlay":false,"sceneViewState":{"showFog":true,"showMaterialUpdate":false,"showSkybox":false,"showFlares":true,"showImageEffects":true,"showParticleSystems":true},"in2DMode":false,"pivot":{"x":443.24090576171877,"y":250.283447265625,"z":57.7442626953125},"rotation":{"x":0.0009343705023638904,"y":0.9954924583435059,"z":0.09435494989156723,"w":-0.009844506159424782},"size":209.4226531982422,"orthographic":false}