{"cameraMode":{"drawMode":0,"name":"Shaded","section":"Shading Mode"},"sceneLighting":false,"audioPlay":false,"sceneViewState":{"showFog":true,"showMaterialUpdate":false,"showSkybox":false,"showFlares":true,"showImageEffects":true,"showParticleSystems":true},"in2DMode":false,"pivot":{"x":221.1387939453125,"y":207.08865356445313,"z":-90.78952026367188},"rotation":{"x":-0.012656085193157196,"y":0.9797153472900391,"z":-0.18892638385295869,"w":-0.06562983989715576},"size":192.1742706298828,"orthographic":false}