{"cameraMode":{"drawMode":0,"name":"Shaded","section":"Shading Mode"},"sceneLighting":false,"audioPlay":false,"sceneViewState":{"showFog":true,"showMaterialUpdate":false,"showSkybox":false,"showFlares":true,"showImageEffects":true,"showParticleSystems":true},"in2DMode":false,"pivot":{"x":1070.78466796875,"y":337.0321044921875,"z":50.950714111328128},"rotation":{"x":0.004327215254306793,"y":-0.9851053357124329,"z":0.17011387646198274,"w":0.025108667090535165},"size":247.48074340820313,"orthographic":false}